
--Inserts plantas
insert into planta(id_planta, planta) VALUES ('1','CIE BERRIZ');
insert into planta(id_planta, planta) VALUES ('2','CIE CELAYA');
insert into planta(id_planta, planta) VALUES ('3','Computers');
insert into planta(id_planta, planta) VALUES ('4','Domain Controllers');
insert into planta(id_planta, planta) VALUES ('5','EXTERNOS');
insert into planta(id_planta, planta) VALUES ('6','FORJAS Celaya');
insert into planta(id_planta, planta) VALUES ('7','MATIC');
insert into planta(id_planta, planta) VALUES ('8','NUGAR');
insert into planta(id_planta, planta) VALUES ('9','NUGAR Puebla');
insert into planta(id_planta, planta) VALUES ('10','PEMSA CELAYA');
insert into planta(id_planta, planta) VALUES ('11','PEMSA DERRAMADERO');
insert into planta(id_planta, planta) VALUES ('12','PEMSA RAMOS ARIZPE');
insert into planta(id_planta, planta) VALUES ('13','SERVIDORES');


select * from planta;

insert into eq_computo(id_equipo, nombre_equipo, modelo, id_planta) VALUES ('1','F3Q5SW1','Precision T7600', '8');
insert into eq_computo(id_equipo, nombre_equipo, modelo, id_planta) VALUES ('2','5HPSB42','OptiPlex 7020', '1');
insert into eq_computo(id_equipo, nombre_equipo, modelo, id_planta) VALUES ('3','F7HFTC2','Latitude E5470', '1');
insert into eq_computo(id_equipo, nombre_equipo, modelo, id_planta) VALUES ('4','JLXBM32','Latitude E6440', '9');
insert into eq_computo(id_equipo, nombre_equipo, modelo, id_planta) VALUES ('5','NUGAR001','System Product Name', '13');
insert into eq_computo(id_equipo, nombre_equipo, modelo, id_planta) VALUES ('6','CJ8LMD2','Precision Tower 5810', '8');
insert into eq_computo(id_equipo, nombre_equipo, modelo, id_planta) VALUES ('7','CJ8GMD2','Precision Tower 5810', '13');
insert into eq_computo(id_equipo, nombre_equipo, modelo, id_planta) VALUES ('8','CJ8HMD2','Precision Tower 5810', '13');
insert into eq_computo(id_equipo, nombre_equipo, modelo, id_planta) VALUES ('9','CJ7KMD2','Precision Tower 5810', '1');
insert into eq_computo(id_equipo, nombre_equipo, modelo, id_planta) VALUES ('10','D3KGTC2','Latitude E5470', '9');
insert into eq_computo(id_equipo, nombre_equipo, modelo, id_planta) VALUES ('11','H42SPD2','OptiPlex 7040', '7');
insert into eq_computo(id_equipo, nombre_equipo, modelo, id_planta) VALUES ('12','HP2HTC2','Latitude E5470', '5');
insert into eq_computo(id_equipo, nombre_equipo, modelo, id_planta) VALUES ('13','2C354045W','Satellite L755', '3');
insert into eq_computo(id_equipo, nombre_equipo, modelo, id_planta) VALUES ('14','5J6QB42','OptiPlex 7020', '10');
insert into eq_computo(id_equipo, nombre_equipo, modelo, id_planta) VALUES ('15','7C4QB42','OptiPlex 7020', '6');
insert into eq_computo(id_equipo, nombre_equipo, modelo, id_planta) VALUES ('16','3P2HTC2','Latitude E5470', '6');
insert into eq_computo(id_equipo, nombre_equipo, modelo, id_planta) VALUES ('17','4G24SD2','OptiPlex 7040', '6');
insert into eq_computo(id_equipo, nombre_equipo, modelo, id_planta) VALUES ('18','4G3DSD2','OptiPlex 7040', '3');
insert into eq_computo(id_equipo, nombre_equipo, modelo, id_planta) VALUES ('19','961D062','Latitude E6440', '1');
insert into eq_computo(id_equipo, nombre_equipo, modelo, id_planta) VALUES ('20','9G16062','Latitude E6440', '4');
insert into eq_computo(id_equipo, nombre_equipo, modelo, id_planta) VALUES ('21','CJ7NMD2','Precision Tower 5810', '2');
insert into eq_computo(id_equipo, nombre_equipo, modelo, id_planta) VALUES ('22','CJ7QMD2','Precision Tower 5810', '7');
insert into eq_computo(id_equipo, nombre_equipo, modelo, id_planta) VALUES ('23','CJ8PMD2','Precision Tower 5810', '8');
insert into eq_computo(id_equipo, nombre_equipo, modelo, id_planta) VALUES ('24','CJ9LMD2','Precision Tower 5810', '10');
insert into eq_computo(id_equipo, nombre_equipo, modelo, id_planta) VALUES ('25','H3RMPD2','OptiPlex 7040', '5');
insert into eq_computo(id_equipo, nombre_equipo, modelo, id_planta) VALUES ('26','H3VNPD2','OptiPlex 7040', '1');
insert into eq_computo(id_equipo, nombre_equipo, modelo, id_planta) VALUES ('27','CNCB662','Dell Precision M3800', '6');
insert into eq_computo(id_equipo, nombre_equipo, modelo, id_planta) VALUES ('28','CIS-VGM','HP ProBook 440 G1', '5');
insert into eq_computo(id_equipo, nombre_equipo, modelo, id_planta) VALUES ('29','231GTC2','Latitude E5470', '8');
insert into eq_computo(id_equipo, nombre_equipo, modelo, id_planta) VALUES ('30','34K6TC2','Precision 7510', '4');
insert into eq_computo(id_equipo, nombre_equipo, modelo, id_planta) VALUES ('31','49X5M32','Latitude E6440', '5');
insert into eq_computo(id_equipo, nombre_equipo, modelo, id_planta) VALUES ('32','4Q5GTC2','Latitude E5470', '9');
insert into eq_computo(id_equipo, nombre_equipo, modelo, id_planta) VALUES ('33','5GSGM32','Latitude E6440', '10');
insert into eq_computo(id_equipo, nombre_equipo, modelo, id_planta) VALUES ('34','5HHQB42','OptiPlex 7020', '11');
insert into eq_computo(id_equipo, nombre_equipo, modelo, id_planta) VALUES ('35','5HHTB42','OptiPlex 7020', '4');
insert into eq_computo(id_equipo, nombre_equipo, modelo, id_planta) VALUES ('36','5HJSB42','OptiPlex 7020', '7');
insert into eq_computo(id_equipo, nombre_equipo, modelo, id_planta) VALUES ('37','5HJTB42','OptiPlex 7020', '5');
insert into eq_computo(id_equipo, nombre_equipo, modelo, id_planta) VALUES ('38','5HKQB42','OptiPlex 7020', '12');
insert into eq_computo(id_equipo, nombre_equipo, modelo, id_planta) VALUES ('39','5HKTB42','OptiPlex 7020', '12');
insert into eq_computo(id_equipo, nombre_equipo, modelo, id_planta) VALUES ('40','5HKVB42','OptiPlex 7020', '1');
insert into eq_computo(id_equipo, nombre_equipo, modelo, id_planta) VALUES ('41','5HKWB42','OptiPlex 7020', '8');
insert into eq_computo(id_equipo, nombre_equipo, modelo, id_planta) VALUES ('42','5HMRB42','OptiPlex 7020', '13');
insert into eq_computo(id_equipo, nombre_equipo, modelo, id_planta) VALUES ('43','5HMSB42','OptiPlex 7020', '10');
insert into eq_computo(id_equipo, nombre_equipo, modelo, id_planta) VALUES ('44','5HNRB42','OptiPlex 7020', '10');
insert into eq_computo(id_equipo, nombre_equipo, modelo, id_planta) VALUES ('45','5HNTB42','OptiPlex 7020', '1');
insert into eq_computo(id_equipo, nombre_equipo, modelo, id_planta) VALUES ('46','5HNWB42','OptiPlex 7020', '1');
insert into eq_computo(id_equipo, nombre_equipo, modelo, id_planta) VALUES ('47','5HPRB42','OptiPlex 7020', '7');
insert into eq_computo(id_equipo, nombre_equipo, modelo, id_planta) VALUES ('48','5HQQB42','OptiPlex 7020', '9');
insert into eq_computo(id_equipo, nombre_equipo, modelo, id_planta) VALUES ('49','5HQSB42','OptiPlex 7020', '5');
insert into eq_computo(id_equipo, nombre_equipo, modelo, id_planta) VALUES ('50','5HZVB42','OptiPlex 7020', '7');
insert into eq_computo(id_equipo, nombre_equipo, modelo, id_planta) VALUES ('51','5HZWB42','OptiPlex 7020', '11');
insert into eq_computo(id_equipo, nombre_equipo, modelo, id_planta) VALUES ('52','5J0RB42','OptiPlex 7020', '11');
insert into eq_computo(id_equipo, nombre_equipo, modelo, id_planta) VALUES ('53','5J0TB42','OptiPlex 7020', '9');
insert into eq_computo(id_equipo, nombre_equipo, modelo, id_planta) VALUES ('54','5J0WB42','OptiPlex 7020', '13');
insert into eq_computo(id_equipo, nombre_equipo, modelo, id_planta) VALUES ('55','5J1VB42','OptiPlex 7020', '1');
insert into eq_computo(id_equipo, nombre_equipo, modelo, id_planta) VALUES ('56','5J1XB42','OptiPlex 7020', '4');
insert into eq_computo(id_equipo, nombre_equipo, modelo, id_planta) VALUES ('57','5J2QB42','OptiPlex 7020', '11');
insert into eq_computo(id_equipo, nombre_equipo, modelo, id_planta) VALUES ('58','5J2RB42','OptiPlex 7020', '5');
insert into eq_computo(id_equipo, nombre_equipo, modelo, id_planta) VALUES ('59','5J2SB42','OptiPlex 7020', '13');
insert into eq_computo(id_equipo, nombre_equipo, modelo, id_planta) VALUES ('60','5J3WB42','OptiPlex 7020', '3');
insert into eq_computo(id_equipo, nombre_equipo, modelo, id_planta) VALUES ('61','5J4QB42','OptiPlex 7020', '2');
insert into eq_computo(id_equipo, nombre_equipo, modelo, id_planta) VALUES ('62','5J4RB42','OptiPlex 7020', '4');
insert into eq_computo(id_equipo, nombre_equipo, modelo, id_planta) VALUES ('63','5J4TB42','OptiPlex 7020', '2');
insert into eq_computo(id_equipo, nombre_equipo, modelo, id_planta) VALUES ('64','5J4VB42','OptiPlex 7020', '7');
insert into eq_computo(id_equipo, nombre_equipo, modelo, id_planta) VALUES ('65','5J4WB42','OptiPlex 7020', '5');
insert into eq_computo(id_equipo, nombre_equipo, modelo, id_planta) VALUES ('66','5J5QB42','OptiPlex 7020', '9');
insert into eq_computo(id_equipo, nombre_equipo, modelo, id_planta) VALUES ('67','5J5VB42','OptiPlex 7020', '4');
insert into eq_computo(id_equipo, nombre_equipo, modelo, id_planta) VALUES ('68','5J5XB42','OptiPlex 7020', '3');
insert into eq_computo(id_equipo, nombre_equipo, modelo, id_planta) VALUES ('69','5J6RB42','OptiPlex 7020', '3');
insert into eq_computo(id_equipo, nombre_equipo, modelo, id_planta) VALUES ('70','5J6SB42','OptiPlex 7020', '12');
insert into eq_computo(id_equipo, nombre_equipo, modelo, id_planta) VALUES ('71','5JIWB42','OptiPlex 7020', '9');
insert into eq_computo(id_equipo, nombre_equipo, modelo, id_planta) VALUES ('72','5TW8FX1','OptiPlex 7010', '9');
insert into eq_computo(id_equipo, nombre_equipo, modelo, id_planta) VALUES ('73','617DM32','Latitude E6440', '9');
insert into eq_computo(id_equipo, nombre_equipo, modelo, id_planta) VALUES ('74','65X5M32','Latitude E6440', '10');
insert into eq_computo(id_equipo, nombre_equipo, modelo, id_planta) VALUES ('75','6J5GTC2','Latitude E5470', '9');

select * from eq_computo;


select c.nombre_equipo, c.modelo, p.planta from eq_computo c
inner join planta  p on
c.id_planta = p.id_planta;

--TIPO DE ADQUISICION
insert into tipo_adquisicion (id_tipoAdquisicion, tipoAdquisicion, descripcion) VALUES ('1', 'PROPIETARIA','SIN COMENTARIOS');
insert into tipo_adquisicion (id_tipoAdquisicion, tipoAdquisicion, descripcion) VALUES ('2', 'PROPIETARIA MANTENIMIENTO','SIN COMENTARIOS');
insert into tipo_adquisicion (id_tipoAdquisicion, tipoAdquisicion, descripcion) VALUES ('3', 'ARRENDAMIENTO','SIN COMENTARIOS');

select * from tipo_adquisicion;

--TIPO DE LICENCIA
insert into tipo_licencia (id_tipoLicencia, tipoLicencia, descripcion) VALUES ('1', 'MONOUSUARIO','Sin Comentarios');
insert into tipo_licencia (id_tipoLicencia, tipoLicencia, descripcion) VALUES ('2', 'MULTIUSUARIO','Sin Comentarios');
insert into tipo_licencia (id_tipoLicencia, tipoLicencia, descripcion) VALUES ('3', 'FLOTANTE','Sin Comentarios');
insert into tipo_licencia (id_tipoLicencia, tipoLicencia, descripcion) VALUES ('4', 'CORE','Sin Comentarios');

select * from tipo_licencia;

--INSERTS TABLA PROVEEDORES
INSERT INTO proveedor([id_proveedor],[nombre_proveedor],[domicilio],[e_mail],[telefono],[fax],[contacto],[comentarios]) VALUES(1,'Destiny L. Hutchinson','4401 Blandit Ave','in@ettristiquepellentesque.ca','198130-8073','(06) 6508 6277','Dunn, Eugenia R.','Nunc laoreet lectus quis massa. Mauris vestibulum, neque sed dictum'),(2,'Hayes O. Mayer','2878 Et St.','Suspendisse.non.leo@eleifend.net','139424-1051','(05) 6079 0601','Johnson, Jena U.','Nunc pulvinar arcu et pede. Nunc sed orci lobortis augue'),(3,'Anjolie J. Potts','1527 Est Av.','nunc@mus.org','478566-7074','(02) 0230 0169','Le, Orlando U.','ipsum dolor sit amet, consectetuer adipiscing elit. Aliquam auctor, velit'),(4,'Ali A. Cochran','Ap #188-3848 Phasellus St.','mollis.Phasellus.libero@pellentesqueSeddictum.ca','443875-3479','(08) 9549 9725','Donovan, Ila G.','nec tempus mauris erat eget ipsum. Suspendisse sagittis. Nullam vitae'),(5,'Thomas H. Valdez','3026 Ac Rd.','eu@blanditcongue.ca','669420-1952','(09) 2541 3992','Randall, Harrison C.','leo, in lobortis tellus justo sit amet nulla. Donec non'),(6,'Ruby C. Tyler','Ap #824-6549 Donec Av.','hendrerit.a.arcu@ipsum.co.uk','994047-5727','(08) 1966 0624','Saunders, Emmanuel B.','luctus vulputate, nisi sem semper erat, in consectetuer ipsum nunc'),(7,'Grant N. Terrell','1638 Nec Rd.','libero.Morbi@Quisqueaclibero.co.uk','179500-9677','(04) 5172 7010','Levine, Lacota W.','porttitor vulputate, posuere vulputate, lacus. Cras interdum. Nunc sollicitudin commodo'),(8,'Cadman B. Johnston','P.O. Box 589, 2737 Ligula. Avenue','dictum.Proin.eget@id.ca','062404-3790','(08) 7050 1086','Hewitt, Aspen L.','neque. In ornare sagittis felis. Donec tempor, est ac mattis'),(9,'Kevin H. Alford','178-8835 Iaculis Street','vitae.risus.Duis@malesuadafringillaest.edu','627368-6243','(02) 5054 4557','Medina, Kameko E.','fringilla. Donec feugiat metus sit amet ante. Vivamus non lorem'),(10,'Kevin U. Koch','668-3627 Interdum Street','Donec.luctus@velitegetlaoreet.com','604255-2304','(01) 1055 9151','Steele, John L.','Nam nulla magna, malesuada vel, convallis in, cursus et, eros.');
INSERT INTO proveedor([id_proveedor],[nombre_proveedor],[domicilio],[e_mail],[telefono],[fax],[contacto],[comentarios]) VALUES(11,'Macaulay B. Middleton','P.O. Box 306, 7523 Non Rd.','netus.et.malesuada@mauriserat.net','565900-6141','(09) 4141 4039','Mcknight, Orla J.','magna. Duis dignissim tempor arcu. Vestibulum ut eros non enim'),(12,'Wanda U. Marquez','5542 Faucibus St.','Suspendisse.tristique.neque@leo.org','964826-2450','(04) 3492 3193','Knapp, Candace W.','ac urna. Ut tincidunt vehicula risus. Nulla eget metus eu'),(13,'Gillian Y. Hawkins','5562 Suspendisse Avenue','neque.Sed@Sedeueros.ca','218377-2983','(04) 6810 2743','Lindsay, Elliott P.','vel lectus. Cum sociis natoque penatibus et magnis dis parturient'),(14,'Shea Q. Osborn','8287 Phasellus St.','risus.Duis.a@netus.edu','003087-2410','(04) 9612 7224','Villarreal, Holmes U.','interdum. Nunc sollicitudin commodo ipsum. Suspendisse non leo. Vivamus nibh'),(15,'Alfreda B. Slater','Ap #555-686 Sem Rd.','Phasellus.ornare@semper.edu','552591-1771','(08) 7564 9178','Gilliam, Denise O.','Fusce mi lorem, vehicula et, rutrum eu, ultrices sit amet,'),(16,'Ahmed A. Barry','208-9065 Aenean St.','urna@iaculis.edu','804123-7168','(08) 4297 1912','Mckinney, Zeus Z.','orci. Ut sagittis lobortis mauris. Suspendisse aliquet molestie tellus. Aenean'),(17,'Bruce T. Roberson','211-3441 Dolor. Av.','ornare.egestas@Quisquenonummy.edu','727548-6988','(04) 6798 3748','Carter, Palmer E.','dignissim tempor arcu. Vestibulum ut eros non enim commodo hendrerit.'),(18,'Flynn J. Barr','Ap #415-8248 At, St.','vitae.purus@euplacerat.edu','453760-8640','(04) 3728 8336','Merritt, Hop V.','lobortis augue scelerisque mollis. Phasellus libero mauris, aliquam eu, accumsan'),(19,'Lester P. Garcia','P.O. Box 640, 6251 Nulla St.','mollis@dignissimpharetra.edu','138554-7722','(06) 1672 0372','Navarro, Prescott D.','mauris. Integer sem elit, pharetra ut, pharetra sed, hendrerit a,'),(20,'Aaron W. Vasquez','Ap #194-2402 Quis Rd.','aliquet@aliquetmolestie.ca','793120-7810','(03) 5996 4333','Middleton, Dean P.','vulputate, nisi sem semper erat, in consectetuer ipsum nunc id');
INSERT INTO proveedor([id_proveedor],[nombre_proveedor],[domicilio],[e_mail],[telefono],[fax],[contacto],[comentarios]) VALUES(21,'Lucy Z. Mcgowan','P.O. Box 492, 6401 Sollicitudin St.','Phasellus.dapibus@Vestibulumante.co.uk','566211-4486','(05) 7055 3640','Cox, Tanya V.','neque. Nullam nisl. Maecenas malesuada fringilla est. Mauris eu turpis.'),(22,'Perry C. Nolan','2771 Scelerisque Road','elementum.purus.accumsan@utquam.co.uk','026345-9216','(07) 9301 1957','Chavez, Maite H.','Nunc commodo auctor velit. Aliquam nisl. Nulla eu neque pellentesque'),(23,'Leigh S. West','315-4263 Integer St.','mi.lorem@ipsumdolor.org','352081-4454','(01) 2183 4565','Carson, Rosalyn J.','nec orci. Donec nibh. Quisque nonummy ipsum non arcu. Vivamus'),(24,'Karina U. Cochran','P.O. Box 284, 8683 Gravida Av.','tortor.dictum.eu@ornareegestas.org','993989-4961','(01) 6446 7625','Frank, Charles I.','urna et arcu imperdiet ullamcorper. Duis at lacus. Quisque purus'),(25,'Craig Y. Mcfarland','153 Ultricies St.','lobortis.nisi.nibh@nunc.org','038400-0691','(09) 7715 7831','Shepherd, Karina X.','scelerisque dui. Suspendisse ac metus vitae velit egestas lacinia. Sed'),(26,'Colton B. Rosa','P.O. Box 103, 8407 Posuere Avenue','erat.Vivamus.nisi@velvulputateeu.net','276530-1094','(09) 9122 1215','Mcdaniel, Travis U.','est. Mauris eu turpis. Nulla aliquet. Proin velit. Sed malesuada'),(27,'Stacy A. Logan','Ap #221-1168 Imperdiet St.','tincidunt.neque.vitae@eget.ca','838359-0612','(06) 8101 6023','Harper, Anne S.','nulla at sem molestie sodales. Mauris blandit enim consequat purus.'),(28,'Sara B. Jensen','752-2662 Augue St.','nulla.In@euelit.co.uk','439557-3118','(06) 5873 3781','Noel, Kylie I.','adipiscing ligula. Aenean gravida nunc sed pede. Cum sociis natoque'),(29,'Laurel B. Wade','4933 Ligula. St.','enim.non.nisi@consequat.net','236398-3244','(08) 5314 1343','Hayden, Blake D.','augue. Sed molestie. Sed id risus quis diam luctus lobortis.'),(30,'Porter V. Sparks','671-2930 Tellus St.','parturient@sapien.net','065787-3477','(04) 2285 9924','Huffman, Leo Q.','risus. Donec nibh enim, gravida sit amet, dapibus id, blandit');
INSERT INTO proveedor([id_proveedor],[nombre_proveedor],[domicilio],[e_mail],[telefono],[fax],[contacto],[comentarios]) VALUES(31,'Alfonso Z. Gibson','7208 Vel Rd.','neque@congueturpis.edu','854699-9700','(06) 8216 8233','Palmer, Giacomo S.','magna. Praesent interdum ligula eu enim. Etiam imperdiet dictum magna.'),(32,'Keaton T. Contreras','Ap #197-3675 Tristique Av.','auctor.odio@diamDuis.co.uk','149021-7153','(07) 8701 6863','Wooten, Zachery W.','ut ipsum ac mi eleifend egestas. Sed pharetra, felis eget'),(33,'Drew K. Clay','P.O. Box 917, 6248 Sed Road','at.risus@interdumSed.net','627965-7172','(06) 7422 0772','Stark, Uriel H.','risus, at fringilla purus mauris a nunc. In at pede.'),(34,'Forrest B. Mclean','P.O. Box 257, 6245 Arcu. Street','magna.Cras.convallis@Vivamus.net','824065-7042','(02) 4527 0611','Dale, Zenaida X.','orci. Phasellus dapibus quam quis diam. Pellentesque habitant morbi tristique'),(35,'Susan N. Townsend','9039 Sit Road','non.massa@nislMaecenasmalesuada.ca','483555-6566','(09) 5239 9853','Durham, Jorden Z.','quam a felis ullamcorper viverra. Maecenas iaculis aliquet diam. Sed'),(36,'Ashely K. Rocha','P.O. Box 559, 3421 Mauris Rd.','a.nunc@est.net','736111-0302','(04) 4937 6142','Gray, Katelyn A.','Duis gravida. Praesent eu nulla at sem molestie sodales. Mauris'),(37,'Kendall L. Frank','947-3895 Auctor Rd.','scelerisque@consectetueripsum.co.uk','996333-9271','(09) 3218 9367','Jones, Hanna R.','auctor, velit eget laoreet posuere, enim nisl elementum purus, accumsan'),(38,'Aaron E. Maddox','5950 Quis Rd.','dui.Fusce.aliquam@vitaeposuereat.net','683106-3505','(04) 4341 0814','Trujillo, Marshall U.','blandit enim consequat purus. Maecenas libero est, congue a, aliquet'),(39,'Deanna W. Thornton','P.O. Box 467, 4321 Dui Rd.','eleifend@anteiaculis.com','187224-2712','(01) 9330 3688','Guthrie, Garrett H.','aliquam iaculis, lacus pede sagittis augue, eu tempor erat neque'),(40,'Quinn M. Mccarthy','9413 Aliquam St.','pellentesque.eget@Donec.co.uk','514257-7054','(06) 8582 1667','Sweet, Marcia G.','non justo. Proin non massa non ante bibendum ullamcorper. Duis');
INSERT INTO proveedor([id_proveedor],[nombre_proveedor],[domicilio],[e_mail],[telefono],[fax],[contacto],[comentarios]) VALUES(41,'Devin E. Lindsey','Ap #452-4160 Lobortis. Rd.','Lorem@nibh.net','983749-5705','(04) 1767 8904','Malone, Beck N.','natoque penatibus et magnis dis parturient montes, nascetur ridiculus mus.'),(42,'Courtney H. Fisher','129-9444 Integer Av.','ornare@nequesedsem.ca','077151-8040','(06) 8950 0737','Vincent, Marsden X.','lorem ac risus. Morbi metus. Vivamus euismod urna. Nullam lobortis'),(43,'William C. Chen','Ap #279-2360 Facilisis Ave','magna.malesuada.vel@enimNuncut.edu','126916-8728','(01) 1600 1930','Brooks, Calvin X.','parturient montes, nascetur ridiculus mus. Proin vel arcu eu odio'),(44,'Tamara R. Goff','9303 Enim. Road','venenatis@porttitor.org','753682-8713','(03) 8206 0078','Mcmahon, Marvin F.','quam quis diam. Pellentesque habitant morbi tristique senectus et netus'),(45,'Jennifer I. Church','3598 Ante St.','nisl@facilisisnon.ca','425576-6166','(03) 4738 2208','Reilly, Hilda I.','imperdiet ullamcorper. Duis at lacus. Quisque purus sapien, gravida non,'),(46,'Beau V. Shaw','777-7736 Dictum. Rd.','ut.ipsum@tempusnonlacinia.ca','704680-6167','(03) 2377 3529','Rush, Illana B.','semper tellus id nunc interdum feugiat. Sed nec metus facilisis'),(47,'Allistair U. Salinas','2596 Sed Av.','elit.pharetra@liberolacusvarius.com','578815-5355','(08) 5201 1242','Duran, Clarke N.','ornare tortor at risus. Nunc ac sem ut dolor dapibus'),(48,'Oren P. Garrett','Ap #727-301 Sociis Ave','ridiculus.mus.Proin@Sedneque.net','363071-8207','(01) 0441 8678','Stafford, Wayne J.','vulputate mauris sagittis placerat. Cras dictum ultricies ligula. Nullam enim.'),(49,'Yen L. Ramos','700-7096 Morbi Av.','penatibus.et@dolorvitaedolor.ca','325489-2098','(08) 7925 6667','Weiss, Karina Z.','malesuada fames ac turpis egestas. Fusce aliquet magna a neque.'),(50,'Susan N. Meyers','4358 Sem. Street','commodo.ipsum@lobortis.net','339387-8701','(07) 7167 1788','Mooney, Flavia P.','commodo hendrerit. Donec porttitor tellus non magna. Nam ligula elit,');
INSERT INTO proveedor([id_proveedor],[nombre_proveedor],[domicilio],[e_mail],[telefono],[fax],[contacto],[comentarios]) VALUES(51,'Kieran D. Calhoun','P.O. Box 478, 5232 Quisque St.','parturient.montes.nascetur@ligulaconsectetuer.ca','613823-6192','(01) 4278 2207','Valentine, Rhiannon M.','scelerisque neque. Nullam nisl. Maecenas malesuada fringilla est. Mauris eu'),(52,'Lydia K. Sanford','P.O. Box 302, 3353 Cras Street','nec.orci@porttitorinterdumSed.net','965578-7373','(09) 3185 5386','Cummings, Plato H.','sed, facilisis vitae, orci. Phasellus dapibus quam quis diam. Pellentesque'),(53,'Paki Q. Clark','419-1680 At Av.','mollis.lectus.pede@nonummyultriciesornare.com','039305-0778','(05) 8072 4611','Dyer, Mariam F.','Donec porttitor tellus non magna. Nam ligula elit, pretium et,'),(54,'Dante G. Ryan','2549 Nulla Rd.','ornare@dui.co.uk','236985-8739','(06) 3674 8221','Murray, Jordan G.','eu, accumsan sed, facilisis vitae, orci. Phasellus dapibus quam quis'),(55,'Salvador C. Saunders','257-3417 Metus Rd.','sit.amet@Quisqueporttitoreros.co.uk','254651-6770','(07) 9288 2170','Benton, Christen J.','metus. In lorem. Donec elementum, lorem ut aliquam iaculis, lacus'),(56,'Hayley E. Simmons','569-7958 Suscipit, Street','quam@Pellentesquehabitant.edu','784814-2696','(07) 1289 3155','Lynch, Hayden F.','mauris ut mi. Duis risus odio, auctor vitae, aliquet nec,'),(57,'Amal N. Forbes','P.O. Box 286, 3293 Nostra, St.','sagittis.lobortis@atlibero.org','348975-5375','(01) 7566 1223','Nieves, Victoria D.','ut nisi a odio semper cursus. Integer mollis. Integer tincidunt'),(58,'Burke D. May','1695 Arcu St.','tincidunt.adipiscing@velmauris.co.uk','567377-9012','(03) 2248 1009','Schwartz, Eleanor D.','enim nec tempus scelerisque, lorem ipsum sodales purus, in molestie'),(59,'Aidan J. Mcknight','9334 Nunc Street','mollis.Phasellus.libero@arcuVestibulumante.edu','799545-5354','(06) 7298 3360','Rivera, Adele Y.','suscipit nonummy. Fusce fermentum fermentum arcu. Vestibulum ante ipsum primis'),(60,'Zeph Y. Strong','542-9403 Nam Avenue','molestie.dapibus@sollicitudinadipiscingligula.ca','857995-0562','(05) 0668 8251','Bruce, Kylee L.','malesuada vel, convallis in, cursus et, eros. Proin ultrices. Duis');
INSERT INTO proveedor([id_proveedor],[nombre_proveedor],[domicilio],[e_mail],[telefono],[fax],[contacto],[comentarios]) VALUES(61,'Ciaran L. Marks','5530 Proin St.','montes.nascetur.ridiculus@elitpharetraut.net','325073-6257','(09) 1724 4950','Fox, Amir A.','mollis dui, in sodales elit erat vitae risus. Duis a'),(62,'Reed S. Tyler','835-7270 Ac Ave','elit@Phasellusfermentum.edu','937419-0636','(04) 7232 3185','Santiago, Leonard O.','elementum sem, vitae aliquam eros turpis non enim. Mauris quis'),(63,'Dakota M. Best','814-3118 Nec, Road','feugiat@neque.org','218926-2435','(06) 6813 0648','Cardenas, Zelenia B.','mus. Proin vel nisl. Quisque fringilla euismod enim. Etiam gravida'),(64,'Laura G. Frank','Ap #623-211 Ut Rd.','odio.a@ligula.net','862415-4269','(02) 0324 8096','Britt, Macon O.','lacus. Quisque purus sapien, gravida non, sollicitudin a, malesuada id,'),(65,'Michael O. Washington','Ap #519-4782 Donec Street','nec.orci@nibh.net','443687-9607','(01) 1337 8300','Mathews, Jerry N.','Proin eget odio. Aliquam vulputate ullamcorper magna. Sed eu eros.'),(66,'Colin L. Barlow','874-7302 Lacinia Rd.','magna.Nam.ligula@facilisis.co.uk','043171-7198','(04) 6543 3479','Mack, Kane S.','tincidunt adipiscing. Mauris molestie pharetra nibh. Aliquam ornare, libero at'),(67,'Emma T. Diaz','Ap #642-6829 Ut, Rd.','tellus.eu@placeratCras.net','774214-3386','(06) 3220 9243','Gardner, Veda S.','posuere at, velit. Cras lorem lorem, luctus ut, pellentesque eget,'),(68,'Deacon D. Conway','P.O. Box 178, 2363 Amet Rd.','velit.Quisque@ornarelectus.com','235579-0896','(05) 9162 8570','Gibbs, Vladimir F.','Mauris blandit enim consequat purus. Maecenas libero est, congue a,'),(69,'Scarlet B. Mcpherson','Ap #239-7927 Eleifend Rd.','ante@augueidante.ca','493369-2842','(01) 1984 4757','Lawson, Acton F.','ridiculus mus. Aenean eget magna. Suspendisse tristique neque venenatis lacus.'),(70,'Timothy H. Lane','751-310 At St.','Pellentesque@velsapienimperdiet.net','525507-9005','(04) 8592 8727','Duffy, Candace Q.','semper cursus. Integer mollis. Integer tincidunt aliquam arcu. Aliquam ultrices');
INSERT INTO proveedor([id_proveedor],[nombre_proveedor],[domicilio],[e_mail],[telefono],[fax],[contacto],[comentarios]) VALUES(71,'Casey R. Walker','Ap #606-9728 Morbi Ave','arcu.Nunc@Maurisquis.co.uk','517082-2034','(02) 0043 5694','Bowen, Justine O.','vitae, erat. Vivamus nisi. Mauris nulla. Integer urna. Vivamus molestie'),(72,'Rachel I. Mendez','Ap #309-3195 Non Av.','Donec.vitae@vel.edu','087005-2974','(06) 5188 3379','Franks, Kasper M.','Suspendisse aliquet, sem ut cursus luctus, ipsum leo elementum sem,'),(73,'Baker V. Cash','P.O. Box 876, 7408 Dui. Street','at.fringilla.purus@loremluctusut.edu','697324-6017','(01) 2768 9826','Acosta, Mikayla G.','turpis nec mauris blandit mattis. Cras eget nisi dictum augue'),(74,'Fleur S. Gonzales','552-8511 Lorem, Av.','est.Mauris@malesuadavel.co.uk','629579-7440','(02) 0308 1298','Bright, Kyle L.','a, magna. Lorem ipsum dolor sit amet, consectetuer adipiscing elit.'),(75,'Inga A. Murphy','Ap #240-9166 Eleifend Rd.','ullamcorper.nisl@mollis.org','915055-0383','(02) 2628 6507','Duran, Haviva P.','dolor, tempus non, lacinia at, iaculis quis, pede. Praesent eu'),(76,'Vincent Q. Schroeder','P.O. Box 873, 3734 Cursus Rd.','Quisque@inlobortis.ca','122896-4472','(05) 4703 9374','Gallagher, Zeph X.','Vivamus molestie dapibus ligula. Aliquam erat volutpat. Nulla dignissim. Maecenas'),(77,'Tyrone X. Hill','P.O. Box 376, 4783 Urna. Rd.','vitae@lectuspedeultrices.net','819630-3724','(08) 3673 8083','Walls, Cassidy U.','eu tempor erat neque non quam. Pellentesque habitant morbi tristique'),(78,'Amanda W. Hughes','6963 Nam St.','Lorem.ipsum@diamDuis.com','663051-1530','(08) 3690 0446','Case, Ulla K.','Suspendisse commodo tincidunt nibh. Phasellus nulla. Integer vulputate, risus a'),(79,'Sopoline H. Brock','2743 Phasellus St.','nec@nisi.com','407488-7797','(03) 7383 8948','Hughes, Yeo P.','dui augue eu tellus. Phasellus elit pede, malesuada vel, venenatis'),(80,'Kieran G. White','Ap #271-2385 Morbi St.','ultrices.a@cursus.co.uk','023741-3067','(08) 1214 3186','Villarreal, Maryam D.','nec tempus mauris erat eget ipsum. Suspendisse sagittis. Nullam vitae');
INSERT INTO proveedor([id_proveedor],[nombre_proveedor],[domicilio],[e_mail],[telefono],[fax],[contacto],[comentarios]) VALUES(81,'Amos F. Chavez','819-1188 Scelerisque Avenue','semper.cursus@Quisque.edu','294568-8824','(04) 1669 0976','Miranda, Maite L.','ac metus vitae velit egestas lacinia. Sed congue, elit sed'),(82,'Brady B. Baird','Ap #349-3474 Nec Rd.','orci.Donec@semsemper.com','797311-5475','(01) 0696 1691','Nieves, Quinn G.','odio semper cursus. Integer mollis. Integer tincidunt aliquam arcu. Aliquam'),(83,'Edan C. Christensen','342-1180 Molestie Street','sollicitudin.a.malesuada@ac.edu','058154-2479','(02) 6045 7752','Harvey, Ezekiel P.','penatibus et magnis dis parturient montes, nascetur ridiculus mus. Proin'),(84,'Sydnee A. Robertson','Ap #824-7698 Metus. Rd.','Cras.dolor.dolor@sitamet.org','677495-4165','(04) 5646 4767','Blake, Kirby P.','libero mauris, aliquam eu, accumsan sed, facilisis vitae, orci. Phasellus'),(85,'Orli A. Davidson','Ap #959-8481 Fermentum Road','ut.ipsum@dictumPhasellusin.edu','282912-0985','(08) 3669 1416','Drake, Zane A.','ac turpis egestas. Aliquam fringilla cursus purus. Nullam scelerisque neque'),(86,'Malik Z. Weaver','Ap #172-7735 Aliquet. Rd.','nisi.a.odio@Aliquamadipiscing.edu','722997-8262','(01) 9116 7144','Santiago, Benjamin E.','neque. Nullam nisl. Maecenas malesuada fringilla est. Mauris eu turpis.'),(87,'Wyoming U. Daugherty','Ap #563-4484 Faucibus Street','Phasellus.ornare@urnasuscipitnonummy.org','423278-7780','(07) 9342 9034','Hicks, MacKensie N.','nec, imperdiet nec, leo. Morbi neque tellus, imperdiet non, vestibulum'),(88,'Jesse P. Trevino','P.O. Box 743, 5239 Magnis Ave','aptent.taciti.sociosqu@Nulla.edu','647177-1276','(07) 3912 5741','Potter, Harper M.','Nullam feugiat placerat velit. Quisque varius. Nam porttitor scelerisque neque.'),(89,'Tucker I. Jordan','Ap #322-2940 Tempus Rd.','Etiam@convallisligulaDonec.co.uk','359145-4198','(06) 9934 9380','Gibbs, Noble E.','sit amet massa. Quisque porttitor eros nec tellus. Nunc lectus'),(90,'Adria N. Barrera','971-4031 Erat. Rd.','amet.luctus@gravidamolestiearcu.com','507342-5604','(09) 3709 3028','Sandoval, Cheyenne H.','libero nec ligula consectetuer rhoncus. Nullam velit dui, semper et,');
INSERT INTO proveedor([id_proveedor],[nombre_proveedor],[domicilio],[e_mail],[telefono],[fax],[contacto],[comentarios]) VALUES(91,'Simon B. Mccall','778-8734 Tellus, St.','rhoncus.Donec@parturientmontesnascetur.ca','105887-4411','(08) 4971 0572','Moore, Lisandra Z.','sapien. Aenean massa. Integer vitae nibh. Donec est mauris, rhoncus'),(92,'Wallace U. Knapp','P.O. Box 488, 6208 Sit Ave','cubilia@tinciduntnibh.com','517028-6412','(09) 8540 0879','Marsh, Ivy W.','tortor. Integer aliquam adipiscing lacus. Ut nec urna et arcu'),(93,'Addison Q. Alvarado','6508 Semper Street','Maecenas.mi@luctusetultrices.co.uk','652526-9392','(02) 5429 0501','Stone, Darryl V.','aliquam, enim nec tempus scelerisque, lorem ipsum sodales purus, in'),(94,'Quinlan H. Porter','P.O. Box 383, 2803 Augue St.','amet.ante.Vivamus@commodoipsumSuspendisse.org','317327-5557','(07) 1243 5401','Shaffer, Todd N.','penatibus et magnis dis parturient montes, nascetur ridiculus mus. Donec'),(95,'Rose Z. Clayton','161-3089 Tempor Rd.','fermentum@lacusQuisqueimperdiet.ca','245568-8289','(05) 8954 7203','Sweeney, Iola T.','lobortis ultrices. Vivamus rhoncus. Donec est. Nunc ullamcorper, velit in'),(96,'Serina N. Howe','9416 Adipiscing St.','Suspendisse@Integervulputate.org','079398-2257','(01) 8765 3458','Clarke, Serena P.','diam. Pellentesque habitant morbi tristique senectus et netus et malesuada'),(97,'Dalton L. Wilson','Ap #351-2249 Nascetur Street','nonummy@quisturpisvitae.edu','749652-6554','(07) 4562 0158','Curry, Deborah I.','Duis mi enim, condimentum eget, volutpat ornare, facilisis eget, ipsum.'),(98,'Clio P. Rojas','6381 Nulla. Avenue','lectus@cursusluctus.com','736499-5881','(05) 9832 8168','Walton, Forrest Y.','quis diam luctus lobortis. Class aptent taciti sociosqu ad litora'),(99,'Colby Q. Riddle','Ap #979-6031 Dolor. Street','dolor.sit.amet@porttitorerosnec.net','616812-6891','(08) 0066 5995','Gibbs, Dane B.','cursus et, eros. Proin ultrices. Duis volutpat nunc sit amet'),(100,'Odessa P. Mosley','P.O. Box 664, 4063 Tristique Avenue','Morbi.vehicula@eleifendnuncrisus.edu','612672-5966','(01) 6596 2285','Maxwell, Jaquelyn D.','a, enim. Suspendisse aliquet, sem ut cursus luctus, ipsum leo');


select * from proveedor;


--RECUERDA QUE AQUI LOS NOMBRE DEL SOFTWARE VAN A SER PAISES
--INSERTS DE TABLA SOFTWARE
INSERT INTO software([id_software],[ticket],[fechaAdquisicion],[nom_software],[fecha_Inicio],[fecha_fin],[notificacion_vencimiento],[unidades],[precio_unidad],[impuesto],[descuento],[total],[referencia_ubicacion],[descripcion],[id_tipoAdquisicion],[id_tipoLicencia],[id_proveedor]) VALUES(1,55692,'01/06/2018','Sri Lanka','08/18/2017','02/25/2018','03/04/2019',6,1,138,189,681,'commodo tincidunt nibh. Phasellus nulla. Integer vulputate, risus a ultricies',';6304907907405217=7409190247? ',2,1,23),(2,55694,'12/05/2018','Bonaire, Sint Eustatius and Saba','05/17/2017','08/14/2017','05/24/2017',8,11,154,143,7987,'turpis. Nulla aliquet. Proin velit. Sed malesuada augue ut lacus.',';6709353095548164=9403783731? ',1,1,66),(3,55696,'11/11/2018','Faroe Islands','08/20/2018','04/13/2019','09/13/2018',15,21,121,153,3308,'quis accumsan convallis, ante lectus convallis est, vitae sodales nisi',';30041392712764=81044726778? ',2,3,45),(4,55698,'10/09/2017','Austria','05/22/2017','02/02/2018','01/05/2018',9,31,149,191,8808,'at fringilla purus mauris a nunc. In at pede. Cras',';4916041374656=15031264?6',3,1,18),(5,55700,'11/07/2017','Serbia','10/27/2018','01/15/2018','03/01/2019',11,41,123,101,2822,'pretium neque. Morbi quis urna. Nunc quis arcu vel quam',';378923873741166=30041425997?3',1,3,11),(6,55702,'07/11/2017','Iceland','01/06/2019','03/21/2019','08/27/2017',17,51,111,164,7905,'adipiscing lobortis risus. In mi pede, nonummy ut, molestie in,',';4905505586319077=2308733808?1',3,2,58),(7,55704,'04/09/2019','Timor-Leste','09/30/2017','02/27/2018','12/06/2018',19,61,110,102,290,'Pellentesque habitant morbi tristique senectus et netus et malesuada fames',';30178196052730=09065613084?7',1,4,72),(8,55706,'09/14/2017','Brunei','04/28/2017','02/15/2018','11/23/2017',1,71,119,171,9556,'Nunc mauris sapien, cursus in, hendrerit consectetuer, cursus et, magna.',';213149925827618=92025568483? ',1,2,24),(9,55708,'06/11/2017','Paraguay','08/12/2017','10/13/2017','09/24/2018',6,81,126,184,517,'sit amet metus. Aliquam erat volutpat. Nulla facilisis. Suspendisse commodo',';214975182469069=07083568? ',1,4,74),(10,55710,'03/30/2018','Argentina','03/02/2019','05/01/2017','11/14/2017',18,91,177,143,4213,'sed, facilisis vitae, orci. Phasellus dapibus quam quis diam. Pellentesque',';5216995116439126=85015127137?2',1,4,88);
INSERT INTO software([id_software],[ticket],[fechaAdquisicion],[nom_software],[fecha_Inicio],[fecha_fin],[notificacion_vencimiento],[unidades],[precio_unidad],[impuesto],[descuento],[total],[referencia_ubicacion],[descripcion],[id_tipoAdquisicion],[id_tipoLicencia],[id_proveedor]) VALUES(11,55712,'11/26/2018','Anguilla','01/06/2019','11/29/2018','07/13/2018',20,101,131,165,3644,'et nunc. Quisque ornare tortor at risus. Nunc ac sem',';5195281471090787=3306304294?2',2,2,80),(12,55714,'09/02/2018','United States Minor Outlying Islands','04/27/2017','10/14/2017','01/25/2018',15,111,142,160,2421,'netus et malesuada fames ac turpis egestas. Aliquam fringilla cursus',';376453718387894=77045919?2',1,3,15),(13,55716,'07/13/2018','Dominican Republic','04/26/2017','09/29/2017','11/30/2017',14,121,159,197,1544,'Nullam enim. Sed nulla ante, iaculis nec, eleifend non, dapibus',';36184419895958=30044299?4',3,2,89),(14,55718,'06/23/2017','Côte D''Ivoire (Ivory Coast)','07/24/2017','09/21/2018','11/24/2017',7,131,142,155,2456,'tellus faucibus leo, in lobortis tellus justo sit amet nulla.',';6475236165874119=02055193431? ',1,3,56),(15,55720,'11/12/2018','Yemen','05/01/2018','08/26/2018','11/21/2018',1,141,138,177,777,'risus varius orci, in consequat enim diam vel arcu. Curabitur',';30267021812101=9307679686?3',2,4,77),(16,55722,'10/11/2017','Tuvalu','01/22/2018','08/23/2017','03/06/2018',5,151,100,127,2848,'non nisi. Aenean eget metus. In nec orci. Donec nibh.',';30000317205981=7307123361? ',1,1,46),(17,55724,'12/27/2017','Saint Helena, Ascension and Tristan da Cunha','11/18/2018','12/30/2018','11/16/2017',17,161,104,144,3334,'luctus sit amet, faucibus ut, nulla. Cras eu tellus eu',';4485147724214=30106064? ',3,1,90),(18,55726,'04/30/2018','Equatorial Guinea','04/02/2019','01/17/2019','06/17/2017',13,171,178,166,3915,'ullamcorper. Duis at lacus. Quisque purus sapien, gravida non, sollicitudin',';36245320110033=7204116249?1',3,3,95),(19,55728,'05/09/2017','Papua New Guinea','11/02/2017','01/25/2019','08/03/2018',6,181,130,182,2516,'aliquam adipiscing lacus. Ut nec urna et arcu imperdiet ullamcorper.',';4917327313354400=0410983322?1',1,3,37),(20,55730,'05/31/2018','Bahamas','07/09/2017','09/17/2017','08/10/2017',12,191,103,165,2568,'Duis at lacus. Quisque purus sapien, gravida non, sollicitudin a,',';4485056047037=9006521249?9',1,3,50);
INSERT INTO software([id_software],[ticket],[fechaAdquisicion],[nom_software],[fecha_Inicio],[fecha_fin],[notificacion_vencimiento],[unidades],[precio_unidad],[impuesto],[descuento],[total],[referencia_ubicacion],[descripcion],[id_tipoAdquisicion],[id_tipoLicencia],[id_proveedor]) VALUES(21,55732,'11/29/2018','Turkmenistan','06/07/2017','09/01/2018','10/11/2018',2,201,169,130,8200,'Donec sollicitudin adipiscing ligula. Aenean gravida nunc sed pede. Cum',';213171056795794=75018194?1',1,4,25),(22,55734,'05/17/2017','Nicaragua','05/18/2017','06/16/2018','04/13/2018',9,211,103,176,3976,'luctus et ultrices posuere cubilia Curae; Donec tincidunt. Donec vitae',';309742376414293=29124778? ',1,3,55),(23,55736,'04/28/2018','Norway','01/07/2018','11/20/2018','06/21/2018',16,221,104,115,6427,'Aenean massa. Integer vitae nibh. Donec est mauris, rhoncus id,',';6334492649562587=03066775515? ',2,3,82),(24,55738,'09/06/2018','Niger','10/06/2018','05/26/2017','08/03/2018',12,231,103,143,8837,'eu elit. Nulla facilisi. Sed neque. Sed eget lacus. Mauris',';309872840428718=97016408350? ',3,4,78),(25,55740,'06/07/2017','British Indian Ocean Territory','06/25/2017','12/12/2018','11/25/2018',11,241,142,143,9281,'libero nec ligula consectetuer rhoncus. Nullam velit dui, semper et,',';214906279443766=37062088142?7',1,4,57),(26,55742,'02/20/2018','Tuvalu','01/26/2019','07/10/2017','07/13/2017',1,251,135,165,138,'Duis a mi fringilla mi lacinia mattis. Integer eu lacus.',';6334511962786117=13112177188?5',1,4,4),(27,55744,'08/07/2017','Sint Maarten','01/13/2019','06/09/2017','09/17/2018',17,261,165,172,3893,'sollicitudin a, malesuada id, erat. Etiam vestibulum massa rutrum magna.',';214940243837985=79031262827?8',2,3,22),(28,55746,'02/02/2019','Svalbard and Jan Mayen Islands','06/29/2017','05/25/2017','07/24/2017',6,271,137,157,9929,'sapien, cursus in, hendrerit consectetuer, cursus et, magna. Praesent interdum',';36143823665753=86094557? ',1,1,87),(29,55748,'08/30/2017','Afghanistan','03/25/2019','10/03/2017','03/19/2019',12,281,132,134,7675,'sit amet massa. Quisque porttitor eros nec tellus. Nunc lectus',';6767398672261342=97013442673?3',1,3,20),(30,55750,'11/06/2018','Korea, North','08/27/2017','01/13/2018','08/01/2017',6,291,141,118,7840,'dis parturient montes, nascetur ridiculus mus. Proin vel arcu eu',';180071892775985=31124677?6',1,1,53);
INSERT INTO software([id_software],[ticket],[fechaAdquisicion],[nom_software],[fecha_Inicio],[fecha_fin],[notificacion_vencimiento],[unidades],[precio_unidad],[impuesto],[descuento],[total],[referencia_ubicacion],[descripcion],[id_tipoAdquisicion],[id_tipoLicencia],[id_proveedor]) VALUES(31,55752,'10/15/2017','Tonga','05/09/2018','08/22/2018','01/24/2019',13,301,120,158,9831,'sit amet, consectetuer adipiscing elit. Etiam laoreet, libero et tristique',';309940669221009=1808547262?5',3,1,1),(32,55754,'02/07/2019','Antarctica','07/07/2018','12/07/2018','09/27/2018',6,311,169,192,6719,'mi. Duis risus odio, auctor vitae, aliquet nec, imperdiet nec,',';4916048989530=25024606061? ',3,4,50),(33,55756,'05/18/2018','Cuba','09/12/2017','03/26/2018','05/28/2017',13,321,158,161,3757,'nascetur ridiculus mus. Donec dignissim magna a tortor. Nunc commodo',';4026954717215263=9510935696? ',2,4,27),(34,55758,'03/13/2018','Serbia','02/27/2019','01/09/2018','03/18/2019',5,331,109,142,5640,'non, dapibus rutrum, justo. Praesent luctus. Curabitur egestas nunc sed',';36054964627694=8408461175?9',1,4,7),(35,55760,'08/10/2017','Mayotte','09/05/2018','02/06/2018','04/04/2018',1,341,194,187,2318,'odio. Nam interdum enim non nisi. Aenean eget metus. In',';309704015528768=37116254897? ',1,4,21),(36,55762,'02/21/2019','Benin','09/30/2017','11/24/2018','07/27/2017',18,351,141,170,4336,'nec enim. Nunc ut erat. Sed nunc est, mollis non,',';318665754584172=2509414653? ',2,1,81),(37,55764,'11/30/2017','Wallis and Futuna','02/27/2018','04/24/2019','10/03/2018',20,361,140,123,6851,'ipsum nunc id enim. Curabitur massa. Vestibulum accumsan neque et',';630462068382=71047869660?3',3,1,82),(38,55766,'12/02/2017','South Georgia and The South Sandwich Islands','11/06/2018','11/23/2017','11/25/2017',16,371,108,194,4130,'viverra. Donec tempus, lorem fringilla ornare placerat, orci lacus vestibulum',';6771556442475146=8508194228? ',1,4,11),(39,55768,'09/17/2018','Croatia','09/13/2017','06/07/2017','06/27/2017',1,381,132,172,1965,'felis. Donec tempor, est ac mattis semper, dui lectus rutrum',';317730444813638=1703545606?4',2,1,30),(40,55770,'10/25/2018','Congo (Brazzaville)','01/04/2018','06/08/2018','11/15/2017',13,391,110,138,3421,'Sed et libero. Proin mi. Aliquam gravida mauris ut mi.',';376019508112733=25089222? ',3,2,38);
INSERT INTO software([id_software],[ticket],[fechaAdquisicion],[nom_software],[fecha_Inicio],[fecha_fin],[notificacion_vencimiento],[unidades],[precio_unidad],[impuesto],[descuento],[total],[referencia_ubicacion],[descripcion],[id_tipoAdquisicion],[id_tipoLicencia],[id_proveedor]) VALUES(41,55772,'06/19/2017','El Salvador','04/17/2018','07/08/2017','09/08/2018',17,401,138,195,8857,'lacus. Ut nec urna et arcu imperdiet ullamcorper. Duis at',';6771030730755734=95067277? ',2,2,48),(42,55774,'07/04/2017','Iran','12/31/2017','01/03/2018','09/08/2018',18,411,156,150,9306,'malesuada id, erat. Etiam vestibulum massa rutrum magna. Cras convallis',';4917733208396218=0103266570?5',1,2,23),(43,55776,'06/28/2018','Mexico','03/03/2018','06/02/2017','02/13/2018',9,421,155,155,6217,'non, feugiat nec, diam. Duis mi enim, condimentum eget, volutpat',';214913676809391=99017045?1',3,1,88),(44,55778,'10/20/2017','Dominica','05/07/2018','07/19/2017','06/22/2017',14,431,171,189,9343,'libero. Proin mi. Aliquam gravida mauris ut mi. Duis risus',';372909716332384=2606222162?1',3,2,12),(45,55780,'03/09/2018','Bhutan','11/30/2018','06/21/2018','10/17/2017',13,441,123,189,9463,'ligula. Nullam feugiat placerat velit. Quisque varius. Nam porttitor scelerisque',';312391342648926=07089667325?4',3,1,36),(46,55782,'04/15/2019','Niue','08/21/2018','06/08/2017','08/17/2017',20,451,124,198,2455,'vel, venenatis vel, faucibus id, libero. Donec consectetuer mauris id',';4508388466428131=25028942? ',3,1,17),(47,55784,'02/14/2019','Poland','06/02/2018','05/19/2018','09/04/2018',8,461,122,130,2926,'Etiam imperdiet dictum magna. Ut tincidunt orci quis lectus. Nullam',';5303269321266136=0103453700?2',1,4,78),(48,55786,'04/11/2018','Nepal','02/09/2018','03/13/2018','09/14/2017',12,471,132,162,8030,'Curabitur sed tortor. Integer aliquam adipiscing lacus. Ut nec urna',';6767707649153699=30118564?1',2,4,49),(49,55788,'10/17/2018','Syria','10/25/2018','06/23/2017','07/29/2017',17,481,114,191,3141,'arcu ac orci. Ut semper pretium neque. Morbi quis urna.',';5244916266760794=04085027?4',2,4,5),(50,55790,'11/10/2017','Burundi','04/30/2018','12/03/2018','02/20/2018',13,491,197,103,6880,'Proin ultrices. Duis volutpat nunc sit amet metus. Aliquam erat',';4026882478220364=0911193121?7',3,4,69);
INSERT INTO software([id_software],[ticket],[fechaAdquisicion],[nom_software],[fecha_Inicio],[fecha_fin],[notificacion_vencimiento],[unidades],[precio_unidad],[impuesto],[descuento],[total],[referencia_ubicacion],[descripcion],[id_tipoAdquisicion],[id_tipoLicencia],[id_proveedor]) VALUES(51,55792,'11/05/2017','Finland','01/19/2019','01/22/2019','03/16/2019',15,501,112,122,9303,'eget, volutpat ornare, facilisis eget, ipsum. Donec sollicitudin adipiscing ligula.',';4539935331820=8505426721?6',2,4,69),(52,55794,'12/30/2017','American Samoa','04/29/2018','06/18/2017','10/08/2018',9,511,137,100,9245,'elit, dictum eu, eleifend nec, malesuada ut, sem. Nulla interdum.',';201481118423721=91088571?7',3,4,55),(53,55796,'07/18/2018','Virgin Islands, British','02/01/2019','07/17/2018','05/01/2017',16,521,199,170,6624,'ornare. In faucibus. Morbi vehicula. Pellentesque tincidunt tempus risus. Donec',';4917089502187039=12052697469? ',1,1,93),(54,55798,'12/03/2018','Panama','09/30/2017','08/21/2017','10/11/2018',10,531,161,134,9154,'conubia nostra, per inceptos hymenaeos. Mauris ut quam vel sapien',';201403554976194=8809477704?5',3,3,63),(55,55800,'11/26/2018','France','04/27/2018','10/26/2017','04/24/2019',8,541,109,128,5508,'dolor, tempus non, lacinia at, iaculis quis, pede. Praesent eu',';375016122482584=7201240698?6',2,2,20),(56,55802,'03/16/2018','Gabon','11/06/2018','09/06/2017','11/02/2017',7,551,144,151,3196,'tortor, dictum eu, placerat eget, venenatis a, magna. Lorem ipsum',';6334553783083571=16048888?1',1,2,63),(57,55804,'10/26/2018','Bhutan','01/07/2018','11/19/2017','04/28/2018',6,561,171,188,259,'Nunc mauris. Morbi non sapien molestie orci tincidunt adipiscing. Mauris',';6445020230808279=37075884?4',3,1,52),(58,55806,'01/23/2019','Morocco','05/21/2017','01/26/2019','04/22/2018',2,571,167,143,4188,'est arcu ac orci. Ut semper pretium neque. Morbi quis',';4024007141001=7111287715? ',1,4,12),(59,55808,'10/17/2017','Albania','05/25/2017','08/09/2018','10/20/2017',5,581,170,146,1157,'vel turpis. Aliquam adipiscing lobortis risus. In mi pede, nonummy',';213181123894777=0711651696?5',3,1,86),(60,55810,'04/13/2019','France','01/09/2018','07/05/2017','08/09/2018',12,591,100,162,2715,'eget varius ultrices, mauris ipsum porta elit, a feugiat tellus',';180077264341249=22029637?6',2,4,40);
INSERT INTO software([id_software],[ticket],[fechaAdquisicion],[nom_software],[fecha_Inicio],[fecha_fin],[notificacion_vencimiento],[unidades],[precio_unidad],[impuesto],[descuento],[total],[referencia_ubicacion],[descripcion],[id_tipoAdquisicion],[id_tipoLicencia],[id_proveedor]) VALUES(61,55812,'11/29/2017','Falkland Islands','08/28/2017','08/22/2018','01/15/2019',12,601,175,139,6367,'id, ante. Nunc mauris sapien, cursus in, hendrerit consectetuer, cursus',';342196890308276=26126051529?3',3,1,9),(62,55814,'05/01/2018','Turkmenistan','04/27/2017','10/11/2018','04/13/2019',5,611,125,187,2604,'Donec est mauris, rhoncus id, mollis nec, cursus a, enim.',';30052894720668=33038983? ',2,2,19),(63,55816,'08/23/2017','Turkmenistan','04/07/2019','01/25/2019','09/03/2017',7,621,101,197,8720,'lobortis tellus justo sit amet nulla. Donec non justo. Proin',';6444210875100360=96074954617? ',3,4,27),(64,55818,'01/13/2018','Laos','03/01/2018','01/16/2019','06/18/2017',10,631,172,125,8132,'sodales. Mauris blandit enim consequat purus. Maecenas libero est, congue',';5156849241884106=3402242343? ',1,2,21),(65,55820,'01/08/2019','Bahamas','03/11/2019','02/12/2019','05/04/2017',14,641,178,116,3911,'amet, consectetuer adipiscing elit. Etiam laoreet, libero et tristique pellentesque,',';630484009265=70103202? ',2,3,2),(66,55822,'11/09/2018','Thailand','11/16/2017','01/27/2019','11/24/2017',2,651,183,104,7516,'dolor. Donec fringilla. Donec feugiat metus sit amet ante. Vivamus',';6331107738835446=30029765? ',3,4,46),(67,55824,'06/15/2017','Armenia','11/10/2018','09/03/2017','12/19/2018',9,661,143,133,8293,'ornare. Fusce mollis. Duis sit amet diam eu dolor egestas',';378635825618918=8607178811? ',2,4,33),(68,55826,'12/23/2017','Spain','08/08/2017','11/17/2017','09/06/2017',14,671,193,188,6380,'augue malesuada malesuada. Integer id magna et ipsum cursus vestibulum.',';180039978528008=36028933? ',3,3,92),(69,55828,'11/25/2017','Zimbabwe','08/18/2017','07/25/2018','05/16/2017',11,681,182,160,2479,'tempor lorem, eget mollis lectus pede et risus. Quisque libero',';213150427486937=06128898? ',1,4,30),(70,55830,'12/19/2018','Mali','10/16/2017','08/27/2018','08/05/2017',8,691,142,171,5964,'nunc risus varius orci, in consequat enim diam vel arcu.',';4556965310243=1105972562? ',3,1,53);
INSERT INTO software([id_software],[ticket],[fechaAdquisicion],[nom_software],[fecha_Inicio],[fecha_fin],[notificacion_vencimiento],[unidades],[precio_unidad],[impuesto],[descuento],[total],[referencia_ubicacion],[descripcion],[id_tipoAdquisicion],[id_tipoLicencia],[id_proveedor]) VALUES(71,55832,'12/20/2017','Korea, North','03/13/2019','07/20/2018','07/03/2017',13,701,169,109,8184,'aliquet molestie tellus. Aenean egestas hendrerit neque. In ornare sagittis',';6467915236449718=08116948012? ',1,4,89),(72,55834,'06/07/2018','Turkey','10/13/2018','02/03/2019','10/10/2017',4,711,136,103,7452,'ullamcorper magna. Sed eu eros. Nam consequat dolor vitae dolor.',';4175006918067578=14115481915?8',2,3,27),(73,55836,'08/03/2017','Algeria','09/29/2017','04/22/2019','03/27/2019',10,721,145,136,6626,'odio a purus. Duis elementum, dui quis accumsan convallis, ante',';4024007188622=11073752?4',2,3,96),(74,55838,'06/28/2017','French Polynesia','04/22/2019','02/11/2018','02/26/2018',12,731,171,100,3361,'Etiam ligula tortor, dictum eu, placerat eget, venenatis a, magna.',';213123807343507=07057417038?6',1,2,32),(75,55840,'08/22/2017','Antigua and Barbuda','06/07/2018','08/03/2017','05/20/2017',1,741,132,102,6188,'non, luctus sit amet, faucibus ut, nulla. Cras eu tellus',';6334256226714592=75061427697?4',1,2,74),(76,55842,'08/14/2017','Andorra','11/12/2017','08/23/2017','09/14/2017',14,751,173,197,6283,'purus, in molestie tortor nibh sit amet orci. Ut sagittis',';309186140319513=2712637157?3',3,4,48),(77,55844,'01/27/2018','Costa Rica','02/24/2019','06/12/2018','06/20/2018',4,761,192,139,6287,'ultrices posuere cubilia Curae; Donec tincidunt. Donec vitae erat vel',';6759235080821582=79049972760? ',1,1,39),(78,55846,'04/07/2018','Madagascar','02/18/2019','11/07/2018','08/11/2017',2,771,116,149,4578,'at pretium aliquet, metus urna convallis erat, eget tincidunt dui',';5538055684268315=28083953795?9',1,3,4),(79,55848,'10/10/2017','Northern Mariana Islands','04/17/2019','10/31/2017','01/14/2019',15,781,106,106,1198,'gravida mauris ut mi. Duis risus odio, auctor vitae, aliquet',';6304076270705031=81085123?8',3,2,63),(80,55850,'11/21/2017','Bosnia and Herzegovina','03/13/2018','05/16/2017','04/23/2019',8,791,198,195,9780,'magna. Suspendisse tristique neque venenatis lacus. Etiam bibendum fermentum metus.',';4913397542449200=96103163277?7',2,3,47);
INSERT INTO software([id_software],[ticket],[fechaAdquisicion],[nom_software],[fecha_Inicio],[fecha_fin],[notificacion_vencimiento],[unidades],[precio_unidad],[impuesto],[descuento],[total],[referencia_ubicacion],[descripcion],[id_tipoAdquisicion],[id_tipoLicencia],[id_proveedor]) VALUES(81,55852,'03/16/2019','Senegal','10/16/2018','09/22/2017','01/17/2018',10,801,184,151,557,'a sollicitudin orci sem eget massa. Suspendisse eleifend. Cras sed',';4556544308676=9602435212? ',1,4,5),(82,55854,'11/02/2017','Nepal','08/04/2018','09/14/2017','04/07/2018',19,811,132,111,2881,'auctor. Mauris vel turpis. Aliquam adipiscing lobortis risus. In mi',';6334064309300556=87122177986? ',3,4,72),(83,55856,'06/26/2018','Turkmenistan','08/20/2017','05/05/2017','08/06/2018',8,821,181,132,2295,'Sed dictum. Proin eget odio. Aliquam vulputate ullamcorper magna. Sed',';201402829978084=11117304350? ',1,1,12),(84,55858,'11/24/2017','Montserrat','06/30/2018','01/27/2018','06/24/2018',3,831,187,112,3243,'In faucibus. Morbi vehicula. Pellentesque tincidunt tempus risus. Donec egestas.',';346168695628279=06035183? ',1,2,96),(85,55860,'07/09/2017','Niue','05/09/2017','10/18/2017','02/25/2019',4,841,123,186,6132,'Integer vitae nibh. Donec est mauris, rhoncus id, mollis nec,',';309945716340553=84081486? ',3,2,94),(86,55862,'08/30/2018','Turks and Caicos Islands','06/14/2017','02/18/2019','04/25/2019',20,851,105,174,1814,'ligula. Aenean gravida nunc sed pede. Cum sociis natoque penatibus',';6304877459129129=1204157685?1',3,3,24),(87,55864,'06/20/2018','Monaco','04/04/2018','09/17/2017','08/12/2018',10,861,134,106,3100,'ut dolor dapibus gravida. Aliquam tincidunt, nunc ac mattis ornare,',';213135518717092=7405439276? ',2,4,4),(88,55866,'03/22/2018','Canada','03/02/2018','07/17/2017','02/12/2019',7,871,188,162,1455,'mattis velit justo nec ante. Maecenas mi felis, adipiscing fringilla,',';4913540767878567=07045497924?6',1,1,72),(89,55868,'06/05/2017','Fiji','12/28/2018','02/22/2018','04/11/2019',11,881,130,152,6984,'lacus. Ut nec urna et arcu imperdiet ullamcorper. Duis at',';6498661260029561=05012469?7',2,3,96),(90,55870,'08/01/2018','Djibouti','12/02/2017','06/15/2018','05/12/2018',19,891,142,128,6694,'rutrum magna. Cras convallis convallis dolor. Quisque tincidunt pede ac',';5534581641606416=80037873888? ',2,1,33);
INSERT INTO software([id_software],[ticket],[fechaAdquisicion],[nom_software],[fecha_Inicio],[fecha_fin],[notificacion_vencimiento],[unidades],[precio_unidad],[impuesto],[descuento],[total],[referencia_ubicacion],[descripcion],[id_tipoAdquisicion],[id_tipoLicencia],[id_proveedor]) VALUES(91,55872,'10/31/2017','Korea, South','04/07/2019','01/25/2019','11/11/2017',5,901,133,177,5441,'sit amet, faucibus ut, nulla. Cras eu tellus eu augue',';201487087857385=27122426? ',1,1,10),(92,55874,'09/19/2018','Belarus','07/18/2017','06/01/2018','02/28/2018',4,911,135,112,7478,'a, magna. Lorem ipsum dolor sit amet, consectetuer adipiscing elit.',';370542571852931=2806113948? ',3,3,24),(93,55876,'10/08/2017','Iceland','11/07/2017','03/26/2018','04/30/2017',2,921,180,123,5087,'arcu. Vestibulum ut eros non enim commodo hendrerit. Donec porttitor',';4844880482506810=88099693850?4',3,3,93),(94,55878,'12/30/2018','Liechtenstein','12/26/2018','07/25/2017','11/08/2017',2,931,162,146,5702,'Phasellus elit pede, malesuada vel, venenatis vel, faucibus id, libero.',';6304689231487851=28028188? ',3,1,98),(95,55880,'12/21/2018','Bhutan','04/01/2019','02/15/2019','03/09/2018',3,941,187,139,352,'et ultrices posuere cubilia Curae; Donec tincidunt. Donec vitae erat',';309507894019118=88027537550?5',1,3,100),(96,55882,'07/10/2018','Cyprus','12/14/2017','03/25/2019','09/09/2017',19,951,191,136,7415,'iaculis odio. Nam interdum enim non nisi. Aenean eget metus.',';6304446732077859=85126591? ',3,4,72),(97,55884,'07/07/2018','Vanuatu','09/14/2017','02/19/2019','10/11/2018',6,961,187,104,5963,'a, facilisis non, bibendum sed, est. Nunc laoreet lectus quis',';36945077169633=3104696741?3',1,2,100),(98,55886,'01/06/2019','Bouvet Island','07/12/2017','08/17/2018','12/05/2017',15,971,106,163,5865,'pede. Suspendisse dui. Fusce diam nunc, ullamcorper eu, euismod ac,',';6334949639884289=23036916? ',2,3,84),(99,55888,'08/09/2018','Singapore','05/19/2017','11/11/2017','05/31/2018',12,981,194,142,3216,'lectus rutrum urna, nec luctus felis purus ac tellus. Suspendisse',';214982669352271=9011964129? ',1,3,44),(100,55890,'05/13/2018','Wallis and Futuna','01/14/2018','10/13/2018','01/19/2018',11,991,110,136,1455,'Phasellus at augue id ante dictum cursus. Nunc mauris elit,',';201470724566825=34023394803?6',1,1,84);


select * from software
where id_tipoAdquisicion = 1 
AND id_tipoLicencia = 2;

--INSERTS TABLA ASIGNACION-SOFTWARE
INSERT INTO asignacion_software([id_equipo],[id_software]) VALUES(60,44),(44,3),(51,31),(63,30),(13,83),(43,30),(17,92),(43,11),(43,57),(23,82);
INSERT INTO asignacion_software([id_equipo],[id_software]) VALUES(16,96),(3,68),(44,90),(7,62),(51,5),(64,53),(58,65),(44,27),(75,90),(18,96);
INSERT INTO asignacion_software([id_equipo],[id_software]) VALUES(8,29),(37,41),(23,72),(54,59),(1,41),(28,87),(75,32),(62,67),(9,4),(35,26);
INSERT INTO asignacion_software([id_equipo],[id_software]) VALUES(22,22),(9,3),(72,100),(12,41),(47,81),(39,18),(52,72),(40,67),(50,14),(14,35);
INSERT INTO asignacion_software([id_equipo],[id_software]) VALUES(32,11),(46,81),(9,79),(51,80),(71,96),(61,83),(36,97),(2,81),(34,61),(21,38);
INSERT INTO asignacion_software([id_equipo],[id_software]) VALUES(57,30),(52,20),(69,13),(66,81),(11,70),(43,99),(59,9),(7,9),(20,61),(74,60);
INSERT INTO asignacion_software([id_equipo],[id_software]) VALUES(75,83),(36,36),(5,39),(29,82),(72,99),(45,70),(71,14),(40,16),(25,22),(67,17);
INSERT INTO asignacion_software([id_equipo],[id_software]) VALUES(60,81),(54,80),(44,42),(9,93),(33,2),(4,67),(33,99),(17,62),(55,69),(56,11);
INSERT INTO asignacion_software([id_equipo],[id_software]) VALUES(38,4),(53,51),(10,14),(12,50),(5,59),(15,59),(4,77),(27,70),(13,80),(44,2);
INSERT INTO asignacion_software([id_equipo],[id_software]) VALUES(19,82),(59,6),(21,22),(27,76),(47,51),(14,7),(6,65),(10,96),(75,75),(24,6);


select * from asignacion_software;